query_id,ranker,precision@10,MRR@10,nDCG@10,pooled_recall@10
Q01,weighted,1.0,1.0,0.8108582970019788,0.625
Q01,uniform,1.0,1.0,0.8480411588814945,0.625
Q02,weighted,1.0,1.0,0.8373334796803867,0.8333333333333334
Q02,uniform,1.0,1.0,0.9783012898581854,0.8333333333333334
Q03,weighted,0.5,1.0,0.4347182763010422,0.8333333333333334
Q03,uniform,0.5,1.0,0.6069155106573773,0.8333333333333334
Q04,weighted,0.2,0.5,0.4108874912590222,0.5
Q04,uniform,0.4,0.5,0.6516298495526673,1.0
Q05,weighted,1.0,1.0,0.9477344873475498,0.7142857142857143
Q05,uniform,1.0,1.0,0.9510907186004267,0.7142857142857143
Q06,weighted,1.0,1.0,0.9368077570869662,0.7692307692307693
Q06,uniform,1.0,1.0,0.9074250374176303,0.7692307692307693
Q07,weighted,1.0,1.0,0.7348851780912218,0.625
Q07,uniform,1.0,1.0,0.7601933920987806,0.625
Q08,weighted,1.0,1.0,0.9074250374176303,0.7142857142857143
Q08,uniform,1.0,1.0,1.0,0.7142857142857143
Q09,weighted,0.2,1.0,1.0,1.0
Q09,uniform,0.2,1.0,0.944847956559586,1.0
Q10,weighted,1.0,1.0,0.6397921882764936,0.7692307692307693
Q10,uniform,1.0,1.0,0.9246069654849755,0.7692307692307693
Q11,weighted,1.0,1.0,1.0,0.6666666666666666
Q11,uniform,1.0,1.0,1.0,0.6666666666666666
Q12,weighted,0.9,1.0,0.8572048559638626,0.75
Q12,uniform,1.0,1.0,1.0,0.8333333333333334
